session_id,file,lenT,lenC,hashT,hashC
001_A,001_A.parquet,2700,2700,dd77caaed5ff45f812923577935f9ebd,b3361e1eb1f95255c0d7904d86b2ab9c
001_B,001_B.parquet,2700,2700,cc77342e4b57cb9c69f64545f42eba8a,484c94a3c5d51e4b3b995f14d28c2c1c
002_A,002_A.parquet,2700,2700,62acad3c5f4e17093bb352b093c1e733,74b27d2a766e186777a03d796178cafb
002_B,002_B.parquet,2700,2700,d6a1675f398f8486db02f8cd7fd017f5,b5394b4592f6b626ce6baaf17c5af0b4
004_A,004_A.parquet,1686,1686,44b569a3157d1a8ee255635516ff1a3b,77dec71625059cd283bb2a98a7bcbe00
004_B,004_B.parquet,2700,2700,4be02dc1d505933e2f40f004ae637eb7,365cd49ce2d9c2b3e13d668c7ad66083
005_A,005_A.parquet,1800,1800,b287507d11f24c22d548a6083da3d46f,a016f2ccdb53457a431e6f4dbf779169
007_A,007_A.parquet,2700,2700,b5f4a77b41d293309cc6396b64f110ff,3a601d72b0594ca7ce4f01f749fc8457
007_B,007_B.parquet,2154,2154,8dee3fd40076d06fe1d8bb3efd0dad0b,85024b09a5e2caacb3b6f568fc979a9f
009_A,009_A.parquet,2700,2700,fa5c6c3dfda1ff63cd9e7e1a646f066c,1ec0654ffd0bf520ae03db7f1dbd0cc6
009_B,009_B.parquet,2832,2832,2982d094d9a2b8ae56d4b1cddc194bc4,63d1079492b89f89fb28a0c79fed8faa
016_A,016_A.parquet,2700,2700,06d8c8d7c3a4a5e2451a1f878a0e246d,ff00ef9006e439f7e821b61f25701cbd
018_A,018_A.parquet,2700,2700,02ec6eca862524f0644794293dd134cb,41d31a3a244b367911aceb74cb8bed05
019_A,019_A.parquet,2700,2700,601cf212fde758f4457b5aa15c2f7f0a,970503fd9d529c2d080ef9406976cc2b
019_B,019_B.parquet,2700,2700,605d6e8a835503d956554ec8d3fb00f1,48843cbd5d7a8f39e58c9b519091a0ad
021_A,021_A.parquet,2376,2376,5baeb2d00093b6cb455f428fc0300f05,79902344a4d6ee8ece64585b3830cdba
021_B,021_B.parquet,2970,2970,ccf05b22f2937c5d919f02eeb0d9ab3a,ec183b9f38f2cbf72a887e067919d492
022_A,022_A.parquet,2700,2700,d69b9e5f3354fa370bf3bf1777948ddb,f2e3cf638e31437c53719b363406a86e
022_B,022_B.parquet,2700,2700,42447eefa1b42a10f0059aae40ecf732,79355f21d81344655cb9e08c7e78bc76
024_A,024_A.parquet,2700,2700,d48a436e7a15dd3ec82ccae8ec4ef8cb,f74a2528dcdb13fbec83e209eee24c9b
024_B,024_B.parquet,1980,1980,943001dfec465e7c49c600bef2943f29,b57735ab413a07965bc874fc2d8d3a03
025_A,025_A.parquet,2700,2700,f82b6b3d9bbf72a3f4ed8b715641759f,e374e6105dce8420769c0ab75475feaf
026_A,026_A.parquet,2700,2700,8df60e25aba07c7e9bb3f2a610277e94,3862bf13d3afab7a18f040d4f439e2b1
026_B,026_B.parquet,1800,1800,0b44d686d18938e98242d0a20200148f,2805b18500d97537c5503d0269a9516e
031_A,031_A.parquet,2700,2700,4a483b7954eac8b5f728823cb405c3ff,3a94e343646154f8968ad1830020c3f3
032_A,032_A.parquet,2700,2700,c1c160e80f9a69f91b8e6689b141ebf6,51d87a4fbf26e07bc5e5b864c5ec7e01
034_A,034_A.parquet,3120,3120,ea477efa8d7fcbd0c18f82f5635732ce,23ddf2f1c4d1dc71fc687aab1c3a8c36
037_A,037_A.parquet,2700,2700,cf5e5c057032da4ea3e538e08bcb3dca,b311d24498eb3e45e9b86f62c0da6950
039_A,039_A.parquet,2700,2700,935b8cfdd5cc45453ed16249e612810c,39e64f260e5da3ddf8c6b22a2708e7b7
039_B,039_B.parquet,2700,2700,019f1c1506e16e7be257ae6502bb0792,7fbc0d7ae4a4bfa76a1abea492d59fe6
040_A,040_A.parquet,2700,2700,4cc080bcf0b4df5f832f9417cfdcd3c2,2782710636fe448cd4571b453015ff27
040_B,040_B.parquet,1800,1800,fef2fccc33ac1dc1cf97214d5af4209a,9a2d77feee6d99ea55bda1569f1f1787
041_A,041_A.parquet,2700,2700,61199e8efbfe7c52793cd6709c338d2a,a0569c17e25c7f5639ff2f4cb0d87442
042_A,042_A.parquet,2700,2700,053a42951450ed4bf4bb3d0c45397b62,5d19e23a9d238907f7762c934072f4e0
042_B,042_B.parquet,2532,2532,78897bbab15a815fe9c86948d6e391cd,d0f555919a356203c011b878e4e59781
044_A,044_A.parquet,2700,2700,9f8116a3adf2561c7baa578467ab222c,ec5285d4e30e0fc30d6b2eeba98fbf49
045_A,045_A.parquet,1800,1800,a5f66f909d45bd487f882edc2133e5f0,ab8f15cc8959501b056113b697c059a9
046_A,046_A.parquet,2700,2700,b6299880b76f966059b55551a0e57ef4,1441a9891eb5cbd5cea04b49d50e2996
046_B,046_B.parquet,2340,2340,66d7d5ecc9a24af5f56afd94e04c8ae3,380ae8456bfbec048d454742479a05db
047_A,047_A.parquet,2700,2700,277de8d79b2d586afaf491463ca2ba13,6c87202d3b9595918e5c9cf0ca387d9f
049_A,049_A.parquet,2700,2700,04f35d74c9d6e7f2f97088acbb446704,00ef53747f6ead00b8b180176f66a8e3
050_A,050_A.parquet,2700,2700,a19831377da3f21d85f45ef5880b3636,95bc74bc7704b26e8ff115b2c5e08122
051_A,051_A.parquet,1800,1800,df2ee52b3f8a459e1eea98121ab85638,5cb0d070fcdf5fecd6b5eade3ed58140
051_B,051_B.parquet,2286,2286,83cc5f8f24b893b434c1638506d11170,c4e450fe400422486202f0805405996f
052_A,052_A.parquet,2700,2700,c0196cf31941e1114d496d89daf7fab7,33f12b4ea78cce3f46581883f6ba3e5a
052_B,052_B.parquet,2700,2700,ee98e6a9e990852e58b9b2220c268ee4,ba6a47550d1e2476861addd8cb39e7d9
053_B,053_B.parquet,2526,2526,19142abfdff2ad12bbd5f733a26c30c3,5ff581a6b16ab7fd67a94f9fc01e67e8
057_A,057_A.parquet,2100,2100,04dcd0b1b3ce47b021891af6da3f3705,ca90410a41bf32881d87843dd1ae5c88
059_A,059_A.parquet,1800,1800,087af2a502e00e28f9450933ec93fee4,7cf9b8264bf0974ae9364ed84a51de5c
060_A,060_A.parquet,2700,2700,9e668439cd55b113646dc3797c13904a,4ee5f558c4e3943310b7496f6fc9225b
061_A,061_A.parquet,2700,2700,e3625ca3c5e2ddcc7c69ee882ffeccb3,397c826c9f5a3aafbf6868fc122dfde6
061_B,061_B.parquet,1800,1800,9e095980ce95f8a10508708f3885eb22,76e84a578584610aa364918f52807a6e
062_A,062_A.parquet,2922,2922,b2ae532f5cb3b52cac7c870ca670146a,5999036cbdd69c863652a1d1debb864f
062_B,062_B.parquet,2826,2826,5eb1a381c63fd217cbafa533f1b9b2fc,ac4ad2067ead751df1de098ff9702a63
066_A,066_A.parquet,2700,2700,294ffacd8b3b09600bc376e701be0e40,9906ec66e6e522feba1ce93eba5bb3d3
066_B,066_B.parquet,2700,2700,052daf647f37993dab52fb1f4320b23a,033ee22d102e8dd65a16ad22a9211132
067_A,067_A.parquet,2700,2700,f24e1632e660b6dd124d3bbfbd87bf38,a1aafc8873500ba642f0370938752017
068_A,068_A.parquet,2700,2700,fb9de4e2e2e97b8abb744e32671dae5f,0e61e70825ecbbb129649c83510c99ee
069_A,069_A.parquet,2700,2700,39276a813dce7f1060c3ea54fc610210,7b04e2959ec363331783fccfba077c00
069_B,069_B.parquet,2700,2700,fc16b94c4f01db9d38e8de72c8db5578,6a3974377b5ee9891a31204f6b00f676
070_A,070_A.parquet,2426,2426,0a8f03648c0137a0e538eb6ab67ef20b,22ff3a9679e301c11f8aca3e735b99cf
070_B,070_B.parquet,2700,2700,ed3e3e1e4ecfe783eef127fb811c9395,dddac83d57ba69e78b7f034a326e75f2
071_A,071_A.parquet,1800,1800,ded4837593efc6b390cd5572a35b49a5,eeeced304e12b52351f280373dc598c7
072_A,072_A.parquet,2700,2700,b015b89ab746b8cd8dc4630a7ccb7e5d,b1fef560ac58fff9efc5c67e026ba474
072_B,072_B.parquet,2700,2700,0b30e2c1753e68c42208efbe5f2be1f3,4de510f80eb96e57a51f3651b499e38b
074_A,074_A.parquet,2700,2700,2aaf44de2c3a2bedd7b212709bea27b2,7d631c85197c8fd90f6854836d6f1f94
074_B,074_B.parquet,2820,2820,b5268e438437e7051a17f711a253708e,2e798c549e0e6e7ad0b3459626c74097
076_A,076_A.parquet,2700,2700,f732f5a6685ec0fb3f60aa0d37494c46,ec4ec660e4705868a339f742aaa37db6
076_B,076_B.parquet,2700,2700,599355c54b408c6e5b31ba14f1d224dc,085c9ca943070af7b019815b6fcfc0aa
077_A,077_A.parquet,2700,2700,f343d85b971c2365b2384377804ea6b9,da78d7e60ed037ff485ec6fb9a67b9fc
077_B,077_B.parquet,2700,2700,00d3973c3e4b5f63e639e42761744992,469fb9cf18e05a529b7cdf95d6f1872a
078_A,078_A.parquet,2700,2700,663f016db10ace2dc3a3623a232e0091,4bfc75eb5494797f45ec2573aaf45015
078_B,078_B.parquet,2250,2250,378eca3c4894dbd927257976f63080e8,70d8591fbe717ac3213bcb5d2dfd3bfc
079_A,079_A.parquet,2700,2700,ef29697da863889eef759733c8294bef,230a78bad8804e9b22c17d1b6b23a62d
081_A,081_A.parquet,2700,2700,0053536c24620fb7d5dc1cb0be776efe,3e98cf50fb881de7e5a65dfbc4d960c0
083_A,083_A.parquet,2700,2700,e860ce6aabe9eb4517002a7880a8386e,514527e129861ad28df2ebc0c4a344e7
098_A,098_A.parquet,1956,1956,af80661e8e6abe747dba70d9eb2d6276,6a65cd7e02c842cdc8ff8c4223b6562b
098_B,098_B.parquet,2700,2700,8f1d7098424c5c293caa1bbbcf559ebf,d3b267550a4ee52e894ab7ecb5b55721
100_A,100_A.parquet,2700,2700,a48538a45900fd3eb21125b9a2a95368,215d3f879fe933dc1e59de039d935099
101_A,101_A.parquet,2670,2670,8c7545515d905704f79e30ad54e88240,4c791164d541dc32ea4e69c7fe1ce09d
102_A,102_A.parquet,1800,1800,507d9027202d87dbdc0dd9022cb1a29e,c077a94fbcab03036077db33b4d254e5
103_A,103_A.parquet,2658,2658,a9199379ba3f0c540b0c460c1f0a7424,46b192e8ba428f48158c0e52c479cfaf
104_A,104_A.parquet,2670,2670,1c8311d00bfb742dc183cf21c0d06873,532a2b85302ac8a3cab1793ca849e58c
105_A,105_A.parquet,2686,2686,dadd3b7ea8dd94bf5d32cdc54e3e6a3f,b7b8bfd25fc9038de13e01096ec8f6b4
109_A,109_A.parquet,2700,2700,0828795ed1938418fac2a863b3bd3455,7c4450c89b35de00a113da4c05f53697
110_A,110_A.parquet,2964,2964,d2fc7ce09583f17e65b5923cd1978377,684743aafaf6990f160684fd6f0c2a5d
114_A,114_A.parquet,2700,2700,0fed22f8c377a691c71678f4ff7681f6,de1726780d9cea94e0d78bacf022e313
114_B,114_B.parquet,2700,2700,a0024ad21e5d71cb4d9b7e45f7744f40,6b92f7ce233f224d95e2e4fec9439e7a
115_A,115_A.parquet,2580,2580,46b8f6c1020483fe11e02e4c1b586491,55e0bc31f9f49c4d4a138912deda6aec
116_A,116_A.parquet,2700,2700,5680b6f49270e3736ab15e857f77ef86,270ff8bd531de0d4d89ccf2f22559ab1
117_A,117_A.parquet,2028,2028,252abab806893e0529b9c8cbd14b381b,2cd0bfdeeb16c12124e4bfddfc6204be
118_A,118_A.parquet,2532,2532,cff4e0c853c53c4438790085cb7ba18c,5cfd1b773526ccd6881690cbf6d6815c
119_A,119_A.parquet,2454,2454,e682c088008613b3270156faa7d516eb,fe90ae37845dfe5ebbe69c539265d77e
120_A,120_A.parquet,2748,2748,32601eea1a69bbdb875c08cf27cdb015,f2b013e09cd5eaafd5d8b11f3739a6ea
121_A,121_A.parquet,2544,2544,ffa637e7652f5e470dad356b2de84b7d,82b571aaf5856f129110060f9be98e82
121_B,121_B.parquet,2430,2430,f39e2ca76e7b0ede40cdaabca9308345,eeb069127e16330a94728b9c5e820993
123_A,123_A.parquet,402,402,ae599c81fd85b0bc10cc395a6323e936,97431cc266d6b122d51b8ce7ab3196a3
124_A,124_A.parquet,2808,2808,aa1ca2b40f08b20d9c1093132f6468a7,b1e72905a2299ce508b4ccefb4814575
125_A,125_A.parquet,2532,2532,c41b9e29a7ee057c17683cfa08a49fff,08823c0387128e6cee89023ec936290f
128_A,128_A.parquet,2148,2148,bfd3418add7606b067e432a73823ad49,f5aea20c7cc4db0ffb45021ed430c522
129_A,129_A.parquet,2652,2652,a3fa14b576d70446f996777024804609,44d462fa13d954a5abae1f168c888f39
130_A,130_A.parquet,1800,1800,3c1c23f6b6d160bc99786962f73bf381,1ff67f39c4a6de448898de679be6fabc
131_A,131_A.parquet,1650,1650,09113108b59fe72002b77980dd7f5fba,e32ae14376b4bc9a1f77ec99daf2c9c9
132_A,132_A.parquet,2700,2700,43ce8f3cc3d602cf8c660499ab095ac2,e3f2cc44c8fa0c840ba2ffcc3145328b
136_A,136_A.parquet,2700,2700,96ddfa70fcb569098793f562bfe28f8a,8bf9b8437c1ee3b35f5b5cd72c5268bb
137_A,137_A.parquet,2076,2076,a4452c7b7a97cbf1fe11856f4568416d,2c1699a6fd6b0deccda6dc28e68b16c5
138_A,138_A.parquet,2700,2700,28b6f162674226092d78a19447745ffc,8b939b2474aebd2285ad4195e8514a57
140_A,140_A.parquet,2022,2022,7ba856182194d291ecf0ea69aceca351,559587a4771ec6dc53386bfe987d8505
142_A,142_A.parquet,2700,2700,ff4e9ded124e7130dee62bbf11db9cc4,efcbe17ff69086756650764632b3ea9a
143_A,143_A.parquet,2688,2688,3e10e0f278ba90cd4ff14f7d0d414a7e,018fc4a7f0bcef685336402404fa1abe
144_A,144_A.parquet,2454,2454,f7ff1d2eab0878ad779b6de8d38e8250,a7bffb5d4ce357a9e6f9babead81f54b
145_A,145_A.parquet,2700,2700,8fb7456a60b312e0b1f8748e981ca602,44a5612fe6869678de8996bdf21a0324
151_A,151_A.parquet,2700,2700,c4ab824e612b621dab5772407a2acbde,9e460ee21cfa0b78096453b438f57dc8
152_A,152_A.parquet,1410,1410,aaacbae131469fde40ec77e1d2a8400d,70064c22b0532e7d4fcbaddf900fa0ca
153_A,153_A.parquet,2700,2700,cc6b8442e7cfebb904e012f87ec49261,73c2d8712b759b9880088793f159a180
154_A,154_A.parquet,2700,2700,87f534f380b08f5513e8a69e7e317bba,40723e03737badf9ea42724a2c5fb48d
155_A,155_A.parquet,2700,2700,2c504a43d1a9dd091cd4f54a94ab5ec7,8d97bde0b57ecae61bc0020723504bc0
156_A,156_A.parquet,2700,2700,18eb42d9164406b1761739d5861c5564,d79a3fc1f634464ed2742a3e2870ceab
157_A,157_A.parquet,2280,2280,57d14dd585e2e8aa08ee39bdb333e66d,2bbdaeb0b851a247a954cb3858b8d00b
157_B,157_B.parquet,1800,1800,06f203a627960ab0faa5652e1cabb6f8,62e3472597ff2ecfcc79a44f141084b0
158_A,158_A.parquet,2700,2700,73b5a0d87d5fd6fa3bb7b56d8ecb8543,b34d0a748f25a4a3c8fa677520beab30
159_A,159_A.parquet,2700,2700,a9340bf95b6e6d7a3d6ede5954fa7906,4f1a7555b39930a947045069e18c8efc
160_A,160_A.parquet,2514,2514,017610fe9344964c5cc97440ee6433e1,a09c045a963330c171ce26633b8b6d5d
